Document,Category
"Global markets plunged today as trade tensions between the US and China escalated, sparking fears of a prolonged economic downturn.",Economy
"The central bank announced an emergency interest rate cut to combat the recession caused by the global pandemic.",Economy
"Retail sales dropped to their lowest levels in a decade as consumer confidence hits a new low.",Economy
"Government stimulus packages aimed at boosting small businesses are set to expire, leading to concerns over future bankruptcies.",Economy
"Unemployment rates soared to 15% as businesses struggle to recover from the financial impact of the pandemic.",Economy
"Economists predict a slow recovery as the GDP contracts for the third consecutive quarter.",Economy
"Oil prices surged as OPEC reached an agreement to cut production amid falling global demand.",Economy
"Global stock markets rebounded after positive news on vaccine developments, giving investors hope.",Economy
"New trade agreements in Asia are expected to reshape global supply chains and reduce dependence on Western markets.",Economy
"The housing market faces uncertainty as mortgage rates fluctuate and demand remains unpredictable.",Economy
"Manufacturing output in major economies showed signs of recovery, but experts warn it may be short-lived.",Economy
"Tech companies reported record profits during the pandemic, driving stock market growth despite overall economic decline.",Economy
"Rising inflation concerns are leading central banks to reconsider their monetary policies.",Economy
"Tourism industry leaders are calling for targeted government support as international travel remains restricted.",Economy
"The cryptocurrency market saw unprecedented growth, but analysts warn of potential bubbles forming.",Economy
"Financial markets are bracing for volatility as the US presidential election results remain uncertain.",Economy
"The automotive industry is facing supply chain disruptions, leading to delays in production and delivery.",Economy
"Investors are turning to safe-haven assets as geopolitical tensions rise in the Middle East.",Economy
"Central banks around the world are adopting negative interest rates in an effort to stimulate their economies.",Economy
"Global trade is expected to shrink by 10% this year, marking the steepest decline since World War II.",Economy
"Small businesses are struggling to stay afloat as government support measures run out.",Economy
"The airline industry is facing massive layoffs as travel demand remains at an all-time low.",Economy
"The construction sector is experiencing delays due to shortages of raw materials and labor.",Economy
"Global debt levels have reached new highs, prompting warnings from international financial institutions.",Economy
"The agricultural sector is facing challenges due to changing climate conditions and trade barriers.",Economy
"Real estate prices in urban areas are falling as remote work becomes more common.",Economy
"Major retailers are closing stores as e-commerce continues to dominate the market.",Economy
"Supply chain bottlenecks are causing delays in the delivery of essential goods.",Economy
"Global financial markets are showing signs of instability as political uncertainty increases.",Economy
"The labor market is undergoing a transformation as automation and AI technologies are increasingly adopted.",Economy

"The president announced a new healthcare reform bill, aiming to provide coverage to millions of uninsured Americans.",Politics
"A high-profile political scandal involving campaign finance violations has rocked the nation.",Politics
"Parliament passed a controversial law that has sparked protests in several major cities.",Politics
"Leaders of the world's largest economies met to discuss global challenges and potential cooperative efforts.",Politics
"New immigration policies have been introduced, leading to heated debates across the political spectrum.",Politics
"The government has launched a nationwide campaign to combat misinformation ahead of the upcoming election.",Politics
"A landmark Supreme Court ruling has overturned a key provision of the voting rights act.",Politics
"Corruption allegations against top officials have led to multiple resignations within the ruling party.",Politics
"Political analysts predict a closely contested election as opinion polls show a narrow margin between candidates.",Politics
"Opposition leaders have called for a vote of no confidence against the prime minister.",Politics
"The foreign minister announced a new strategic alliance with neighboring countries to strengthen regional security.",Politics
"Political tensions are rising as the election campaign enters its final phase.",Politics
"The president's approval rating has hit an all-time low following a series of policy missteps.",Politics
"Congress has failed to reach a consensus on the new budget, raising the risk of a government shutdown.",Politics
"A new law aimed at regulating social media companies has sparked a national debate on free speech.",Politics
"The opposition party has accused the government of mishandling the pandemic response.",Politics
"Voters are heading to the polls today in what is expected to be a highly contentious election.",Politics
"The ruling party has introduced a new tax plan that has been met with widespread criticism.",Politics
"International observers have raised concerns about the fairness of the upcoming election.",Politics
"The president's controversial decision to withdraw from an international treaty has drawn widespread condemnation.",Politics
"Senators are preparing to vote on a bill that could reshape the nation's healthcare system.",Politics
"A major political figure has announced their candidacy for the upcoming presidential election.",Politics
"The prime minister is facing calls for resignation following a scandal involving misuse of public funds.",Politics
"Political leaders from across the globe have gathered for a summit on climate change.",Politics
"The government has declared a state of emergency in response to ongoing civil unrest.",Politics
"The opposition has launched a nationwide campaign to unseat the ruling party in the next election.",Politics
"A new political party has emerged, promising to challenge the traditional two-party system.",Politics
"Debates over gun control have intensified following a series of high-profile mass shootings.",Politics
"Political divisions are deepening as the country heads into an election year.",Politics
"Legislation aimed at reforming the criminal justice system has passed the Senate with bipartisan support.",Politics

"A new superhero movie has shattered box office records, becoming the highest-grossing film of the year.",Entertainment
"A renowned actor has announced their retirement from the film industry, sparking tributes from fans and colleagues.",Entertainment
"The latest season of a popular TV series has been met with critical acclaim and high viewer ratings.",Entertainment
"Music fans are eagerly anticipating the release of a new album from a Grammy-winning artist.",Entertainment
"The film industry is facing challenges as production delays continue due to the pandemic.",Entertainment
"A high-profile celebrity wedding has captured the attention of media and fans alike.",Entertainment
"Theater productions are slowly resuming as venues implement new safety measures.",Entertainment
"A documentary exploring the life of a famous musician has been nominated for several awards.",Entertainment
"Streaming services are seeing a surge in subscribers as people continue to stay home during the pandemic.",Entertainment
"A blockbuster film has been delayed again, disappointing fans who have been eagerly awaiting its release.",Entertainment
"The entertainment industry is adapting to new realities with virtual events and performances.",Entertainment
"An iconic television show is set to return with a reunion special featuring the original cast.",Entertainment
"A controversial film has sparked debate over its portrayal of sensitive social issues.",Entertainment
"The latest music video from a pop superstar has gone viral, breaking records for online views.",Entertainment
"A popular music festival has been canceled for the second year in a row due to health concerns.",Entertainment
"Hollywood studios are exploring new distribution models as traditional theaters struggle.",Entertainment
"An acclaimed director is set to release a new film that has already generated Oscar buzz.",Entertainment
"The gaming industry is booming, with record sales reported during the holiday season.",Entertainment
"Fans are celebrating the return of a beloved franchise with a new installment hitting theaters.",Entertainment
"A famous comedian has launched a new podcast, quickly becoming a top trend on social media.",Entertainment
"The film adaptation of a best-selling novel has become a critical and commercial success.",Entertainment
"A legendary rock band has announced a reunion tour, delighting fans worldwide.",Entertainment
"A biopic about a historical figure has received widespread praise for its performances and direction.",Entertainment
"An emerging artist has taken the music world by storm with a chart-topping debut album.",Entertainment
"The streaming platform's latest original series has become a cultural phenomenon.",Entertainment
"Hollywood is buzzing with rumors about a potential sequel to a fan-favorite movie.",Entertainment
"A star-studded awards show celebrated the best in film, television, and music.",Entertainment
"A new comedy series has been renewed for a second season after a successful debut.",Entertainment
"A popular talk show host is stepping down after a decade on air, leaving fans shocked.",Entertainment
"An international film festival showcased the latest in independent cinema from around the world.",Entertainment
